modelo,threshold,recall,precision,f1,roc_auc,pr_auc
Logistic Regression,0.3,0.8833,0.0291,0.0564,0.8121,0.1551
Logistic Regression,0.4,0.8083,0.0362,0.0693,0.8121,0.1551
Logistic Regression,0.5,0.6583,0.0527,0.0975,0.8121,0.1551
Random Forest,0.3,0.6583,0.0314,0.06,0.7598,0.1743
Random Forest,0.4,0.5917,0.0408,0.0763,0.7598,0.1743
Random Forest,0.5,0.5167,0.0541,0.098,0.7598,0.1743
MLP Neural Network,0.3,0.6,0.032,0.0607,0.7152,0.2202
MLP Neural Network,0.4,0.5833,0.0403,0.0755,0.7152,0.2202
MLP Neural Network,0.5,0.55,0.0505,0.0924,0.7152,0.2202
